{"cameraMode":{"drawMode":0,"name":"Shaded","section":"Shading Mode"},"sceneLighting":true,"audioPlay":false,"sceneViewState":{"showFog":true,"showMaterialUpdate":false,"showSkybox":true,"showFlares":true,"showImageEffects":true,"showParticleSystems":true},"in2DMode":false,"pivot":{"x":641.4998168945313,"y":22.159374237060548,"z":449.68035888671877},"rotation":{"x":0.2309022843837738,"y":-0.6704575419425964,"z":0.23257291316986085,"w":0.665645182132721},"size":17.760778427124025,"orthographic":true}