{"cameraMode":{"drawMode":0,"name":"Shaded","section":"Shading Mode"},"sceneLighting":true,"audioPlay":false,"sceneViewState":{"showFog":true,"showMaterialUpdate":false,"showSkybox":true,"showFlares":true,"showImageEffects":true,"showParticleSystems":true},"in2DMode":false,"pivot":{"x":610.5819702148438,"y":-3.0040626525878908,"z":466.2584228515625},"rotation":{"x":0.2685008943080902,"y":-0.6520190238952637,"z":0.2664143443107605,"w":0.6571216583251953},"size":45.333740234375,"orthographic":true}