{"cameraMode":{"drawMode":0,"name":"Shaded","section":"Shading Mode"},"sceneLighting":true,"audioPlay":false,"sceneViewState":{"showFog":true,"showMaterialUpdate":false,"showSkybox":true,"showFlares":true,"showImageEffects":true,"showParticleSystems":true},"in2DMode":false,"pivot":{"x":634.122314453125,"y":1.486328125,"z":460.77789306640627},"rotation":{"x":0.19911172986030579,"y":-0.6825716495513916,"z":0.2017509788274765,"w":0.6736131310462952},"size":30.4672908782959,"orthographic":true}