{"cameraMode":{"drawMode":0,"name":"Shaded","section":"Shading Mode"},"sceneLighting":true,"audioPlay":false,"sceneViewState":{"showFog":true,"showMaterialUpdate":false,"showSkybox":true,"showFlares":true,"showImageEffects":true,"showParticleSystems":true},"in2DMode":false,"pivot":{"x":-48.022151947021487,"y":76.55973815917969,"z":3.0623626708984377},"rotation":{"x":-0.18916581571102143,"y":0.10377919673919678,"z":-0.02010929584503174,"w":-0.9762387275695801},"size":5.600723743438721,"orthographic":true}